Post Title,Post URL,Comment
A mountain casting it‚Äôs shadow,https://www.reddit.com/r/Outdoors/comments/1jza2ac/a_mountain_casting_its_shadow/,Rainier? From Tacoma?
A mountain casting it‚Äôs shadow,https://www.reddit.com/r/Outdoors/comments/1jza2ac/a_mountain_casting_its_shadow/,This is genuinely one of the coolest pictures I've seen.
A mountain casting it‚Äôs shadow,https://www.reddit.com/r/Outdoors/comments/1jza2ac/a_mountain_casting_its_shadow/,THE MOUNTAIN IS OUT
A mountain casting it‚Äôs shadow,https://www.reddit.com/r/Outdoors/comments/1jza2ac/a_mountain_casting_its_shadow/,Mountain is out!!
A mountain casting it‚Äôs shadow,https://www.reddit.com/r/Outdoors/comments/1jza2ac/a_mountain_casting_its_shadow/,"Fun fact, this photo proves the earth is a globe."
A mountain casting it‚Äôs shadow,https://www.reddit.com/r/Outdoors/comments/1jza2ac/a_mountain_casting_its_shadow/,That‚Äôs pretty cool! Thanks for sharing
A mountain casting it‚Äôs shadow,https://www.reddit.com/r/Outdoors/comments/1jza2ac/a_mountain_casting_its_shadow/,"Pretty incredible. I've seen this happen on Mt Hood from Vancouver, WA"
A mountain casting it‚Äôs shadow,https://www.reddit.com/r/Outdoors/comments/1jza2ac/a_mountain_casting_its_shadow/,"*its

It is beautiful though"
A mountain casting it‚Äôs shadow,https://www.reddit.com/r/Outdoors/comments/1jza2ac/a_mountain_casting_its_shadow/,That is actually crazy. üëç
A mountain casting it‚Äôs shadow,https://www.reddit.com/r/Outdoors/comments/1jza2ac/a_mountain_casting_its_shadow/,The mountain is out!
A mountain casting it‚Äôs shadow,https://www.reddit.com/r/Outdoors/comments/1jza2ac/a_mountain_casting_its_shadow/,A Wrinkle in Time
A mountain casting it‚Äôs shadow,https://www.reddit.com/r/Outdoors/comments/1jza2ac/a_mountain_casting_its_shadow/,She's a beaut! I live in a rough part of Tacoma but still have amazing views from several blocks away. I try to take a pic of the mountain when it's out every morning that I walk my dog.
A mountain casting it‚Äôs shadow,https://www.reddit.com/r/Outdoors/comments/1jza2ac/a_mountain_casting_its_shadow/,THE MOUNTAIN IS OUT!!
A mountain casting it‚Äôs shadow,https://www.reddit.com/r/Outdoors/comments/1jza2ac/a_mountain_casting_its_shadow/,"Proof we don‚Äôt live on a flat earth . . . üòè

Or they need to explain how the sun got BELOW the top of the mountain."
A mountain casting it‚Äôs shadow,https://www.reddit.com/r/Outdoors/comments/1jza2ac/a_mountain_casting_its_shadow/,Take that Christians!
A mountain casting it‚Äôs shadow,https://www.reddit.com/r/Outdoors/comments/1jza2ac/a_mountain_casting_its_shadow/,one of the best photos I‚Äôve ever seen
A mountain casting it‚Äôs shadow,https://www.reddit.com/r/Outdoors/comments/1jza2ac/a_mountain_casting_its_shadow/,"All things serve the beam. 

Long days and pleasant nights!"
A mountain casting it‚Äôs shadow,https://www.reddit.com/r/Outdoors/comments/1jza2ac/a_mountain_casting_its_shadow/,INCREDIBLE Photo...WOW!üòç
A mountain casting it‚Äôs shadow,https://www.reddit.com/r/Outdoors/comments/1jza2ac/a_mountain_casting_its_shadow/,Is that Sweden?
A mountain casting it‚Äôs shadow,https://www.reddit.com/r/Outdoors/comments/1jza2ac/a_mountain_casting_its_shadow/,ü§Ø
A mountain casting it‚Äôs shadow,https://www.reddit.com/r/Outdoors/comments/1jza2ac/a_mountain_casting_its_shadow/,Dude this is dope
A mountain casting it‚Äôs shadow,https://www.reddit.com/r/Outdoors/comments/1jza2ac/a_mountain_casting_its_shadow/,I dont live near mountains so I've never seen something like this! Beautiful!
A mountain casting it‚Äôs shadow,https://www.reddit.com/r/Outdoors/comments/1jza2ac/a_mountain_casting_its_shadow/,Amazing  üëè
A mountain casting it‚Äôs shadow,https://www.reddit.com/r/Outdoors/comments/1jza2ac/a_mountain_casting_its_shadow/,Good one
A mountain casting it‚Äôs shadow,https://www.reddit.com/r/Outdoors/comments/1jza2ac/a_mountain_casting_its_shadow/,Incredible
A mountain casting it‚Äôs shadow,https://www.reddit.com/r/Outdoors/comments/1jza2ac/a_mountain_casting_its_shadow/,Wow! That is stunning
A mountain casting it‚Äôs shadow,https://www.reddit.com/r/Outdoors/comments/1jza2ac/a_mountain_casting_its_shadow/,My god that is stunning
A mountain casting it‚Äôs shadow,https://www.reddit.com/r/Outdoors/comments/1jza2ac/a_mountain_casting_its_shadow/,Tacoma Mountain Shadow Pictures presents üî¶
A mountain casting it‚Äôs shadow,https://www.reddit.com/r/Outdoors/comments/1jza2ac/a_mountain_casting_its_shadow/,Siiiiick
A mountain casting it‚Äôs shadow,https://www.reddit.com/r/Outdoors/comments/1jza2ac/a_mountain_casting_its_shadow/,What a beautiful neighborhood. Golden childhood memories are made there.
A mountain casting it‚Äôs shadow,https://www.reddit.com/r/Outdoors/comments/1jza2ac/a_mountain_casting_its_shadow/,Looks like a nice street
A mountain casting it‚Äôs shadow,https://www.reddit.com/r/Outdoors/comments/1jza2ac/a_mountain_casting_its_shadow/,Magic shot
A mountain casting it‚Äôs shadow,https://www.reddit.com/r/Outdoors/comments/1jza2ac/a_mountain_casting_its_shadow/,I love red skies. Need more of these photos. Thanks for sharing!
A mountain casting it‚Äôs shadow,https://www.reddit.com/r/Outdoors/comments/1jza2ac/a_mountain_casting_its_shadow/,Was at Fort Lewis for 2 months or so. Loved to see the mountain whenever it wasn't raining. Still my favorite place I've stayed.
A mountain casting it‚Äôs shadow,https://www.reddit.com/r/Outdoors/comments/1jza2ac/a_mountain_casting_its_shadow/,"Wrong, your mom is on that mountaintop"
A mountain casting it‚Äôs shadow,https://www.reddit.com/r/Outdoors/comments/1jza2ac/a_mountain_casting_its_shadow/,Never seen anything like this. Very cool photo!
A mountain casting it‚Äôs shadow,https://www.reddit.com/r/Outdoors/comments/1jza2ac/a_mountain_casting_its_shadow/,The mountain is out ‚ô•Ô∏è
A mountain casting it‚Äôs shadow,https://www.reddit.com/r/Outdoors/comments/1jza2ac/a_mountain_casting_its_shadow/,Beautiful!
A mountain casting it‚Äôs shadow,https://www.reddit.com/r/Outdoors/comments/1jza2ac/a_mountain_casting_its_shadow/,That is wild!
A mountain casting it‚Äôs shadow,https://www.reddit.com/r/Outdoors/comments/1jza2ac/a_mountain_casting_its_shadow/,Holy crap! That is so cool!
A mountain casting it‚Äôs shadow,https://www.reddit.com/r/Outdoors/comments/1jza2ac/a_mountain_casting_its_shadow/,Imagine being on top at this this on photo.
A mountain casting it‚Äôs shadow,https://www.reddit.com/r/Outdoors/comments/1jza2ac/a_mountain_casting_its_shadow/,"Looks like a dang pathway in the sky! Great photo, thank you for sharing!"
A mountain casting it‚Äôs shadow,https://www.reddit.com/r/Outdoors/comments/1jza2ac/a_mountain_casting_its_shadow/,amazing
A mountain casting it‚Äôs shadow,https://www.reddit.com/r/Outdoors/comments/1jza2ac/a_mountain_casting_its_shadow/,Why does everyone keep yelling the mountain is out?
A mountain casting it‚Äôs shadow,https://www.reddit.com/r/Outdoors/comments/1jza2ac/a_mountain_casting_its_shadow/,classic Tacoma moment
A mountain casting it‚Äôs shadow,https://www.reddit.com/r/Outdoors/comments/1jza2ac/a_mountain_casting_its_shadow/,I remember seeing something like this when I was visiting Canada. That is gorgeous!
A mountain casting it‚Äôs shadow,https://www.reddit.com/r/Outdoors/comments/1jza2ac/a_mountain_casting_its_shadow/,omg what a beautiful sky
A mountain casting it‚Äôs shadow,https://www.reddit.com/r/Outdoors/comments/1jza2ac/a_mountain_casting_its_shadow/,I‚Äôm from Florida and I lived in Tacoma for a few months; I was always in awe of Ranier and her little snow hat that she wore all year round!!
A mountain casting it‚Äôs shadow,https://www.reddit.com/r/Outdoors/comments/1jza2ac/a_mountain_casting_its_shadow/,Caught hood doing this twas bad ass!
A mountain casting it‚Äôs shadow,https://www.reddit.com/r/Outdoors/comments/1jza2ac/a_mountain_casting_its_shadow/,Wow
A mountain casting it‚Äôs shadow,https://www.reddit.com/r/Outdoors/comments/1jza2ac/a_mountain_casting_its_shadow/,You can't fool me clearly and anime battle took place on the mountain and the resulting split in the clouds is from a punch shock wave
A mountain casting it‚Äôs shadow,https://www.reddit.com/r/Outdoors/comments/1jza2ac/a_mountain_casting_its_shadow/,Very cool!!
A mountain casting it‚Äôs shadow,https://www.reddit.com/r/Outdoors/comments/1jza2ac/a_mountain_casting_its_shadow/,"It's great to see the mountain is out today. Don't see it much from Portland, so thanks."
A mountain casting it‚Äôs shadow,https://www.reddit.com/r/Outdoors/comments/1jza2ac/a_mountain_casting_its_shadow/,Beautiful
A mountain casting it‚Äôs shadow,https://www.reddit.com/r/Outdoors/comments/1jza2ac/a_mountain_casting_its_shadow/,Driving while this shows up is definition of a dream
A mountain casting it‚Äôs shadow,https://www.reddit.com/r/Outdoors/comments/1jza2ac/a_mountain_casting_its_shadow/,That is absolutely stunning; what a great capture
"The village of Kibune in Kyoto, Japan",https://www.reddit.com/r/Outdoors/comments/1jx3wkf/the_village_of_kibune_in_kyoto_japan/,I bet it smells so good
"The village of Kibune in Kyoto, Japan",https://www.reddit.com/r/Outdoors/comments/1jx3wkf/the_village_of_kibune_in_kyoto_japan/,I wish our houses were more integrated in nature like this in the US
"The village of Kibune in Kyoto, Japan",https://www.reddit.com/r/Outdoors/comments/1jx3wkf/the_village_of_kibune_in_kyoto_japan/,"This is Kifune Nakayoshi (35.1236565, 135.7639806) for those who want to open up Google street view and wander around the area."
"The village of Kibune in Kyoto, Japan",https://www.reddit.com/r/Outdoors/comments/1jx3wkf/the_village_of_kibune_in_kyoto_japan/,I want to live in this photo.
"The village of Kibune in Kyoto, Japan",https://www.reddit.com/r/Outdoors/comments/1jx3wkf/the_village_of_kibune_in_kyoto_japan/,My wife and kid are going over in a month. Luckily I have a good excuse not to go. But I would recommend everyone to visit Japan at least once
"The village of Kibune in Kyoto, Japan",https://www.reddit.com/r/Outdoors/comments/1jx3wkf/the_village_of_kibune_in_kyoto_japan/,"Lived there for eight years.  It‚Äôs so overrun with tourists right now.  Between that and the changes from Covid, I could barely recognize it last year.  üòû"
"The village of Kibune in Kyoto, Japan",https://www.reddit.com/r/Outdoors/comments/1jx3wkf/the_village_of_kibune_in_kyoto_japan/,Beautiful and serene looking.
"The village of Kibune in Kyoto, Japan",https://www.reddit.com/r/Outdoors/comments/1jx3wkf/the_village_of_kibune_in_kyoto_japan/,"*Get Along Well* is Google translation of that inner sign - well, that just amplifies the good vibes of this scene, don't it"
"The village of Kibune in Kyoto, Japan",https://www.reddit.com/r/Outdoors/comments/1jx3wkf/the_village_of_kibune_in_kyoto_japan/,Ugh it‚Äôs just gorgeous reminds me of a real life studio Ghibli village!
"The village of Kibune in Kyoto, Japan",https://www.reddit.com/r/Outdoors/comments/1jx3wkf/the_village_of_kibune_in_kyoto_japan/,Nice
"The village of Kibune in Kyoto, Japan",https://www.reddit.com/r/Outdoors/comments/1jx3wkf/the_village_of_kibune_in_kyoto_japan/,My favourite place in the world. Did you hike over to Kurama?
"The village of Kibune in Kyoto, Japan",https://www.reddit.com/r/Outdoors/comments/1jx3wkf/the_village_of_kibune_in_kyoto_japan/,"Beautiful scenery, so nice and green."
"The village of Kibune in Kyoto, Japan",https://www.reddit.com/r/Outdoors/comments/1jx3wkf/the_village_of_kibune_in_kyoto_japan/,Do they have ticks?
"The village of Kibune in Kyoto, Japan",https://www.reddit.com/r/Outdoors/comments/1jx3wkf/the_village_of_kibune_in_kyoto_japan/,i like this scene and road
"The village of Kibune in Kyoto, Japan",https://www.reddit.com/r/Outdoors/comments/1jx3wkf/the_village_of_kibune_in_kyoto_japan/,This is amazing
"The village of Kibune in Kyoto, Japan",https://www.reddit.com/r/Outdoors/comments/1jx3wkf/the_village_of_kibune_in_kyoto_japan/,What a vibe! Amazing!
"The village of Kibune in Kyoto, Japan",https://www.reddit.com/r/Outdoors/comments/1jx3wkf/the_village_of_kibune_in_kyoto_japan/,So beautiful!
"The village of Kibune in Kyoto, Japan",https://www.reddit.com/r/Outdoors/comments/1jx3wkf/the_village_of_kibune_in_kyoto_japan/,The air quality here must be amazing I would likely live 10 years longer in a place like this
"The village of Kibune in Kyoto, Japan",https://www.reddit.com/r/Outdoors/comments/1jx3wkf/the_village_of_kibune_in_kyoto_japan/,Its so green it makes you want yo live here....üíö
Insanely beautiful,https://www.reddit.com/r/Outdoors/comments/1jtj799/insanely_beautiful/,"Seealpsee, Switzerland"
Insanely beautiful,https://www.reddit.com/r/Outdoors/comments/1jtj799/insanely_beautiful/,"Not to be that guy, but I'm pretty confident this is an AI video based on how the background moves, the extreme saturation based off of how some photos are edited, and the distinct lack of focal adjustments

Edit :I am saying that this is an image that was taken and eddited (professionally or not, doesn't matter) then that image converted to a video with AI generation. Obviously switzerland is real, and its known to have some of the most breathtakint views in the world!"
Insanely beautiful,https://www.reddit.com/r/Outdoors/comments/1jtj799/insanely_beautiful/,That‚Äôs so beautiful it almost looks fake
Insanely beautiful,https://www.reddit.com/r/Outdoors/comments/1jtj799/insanely_beautiful/,"Anytime I see beautiful mountains like that, it‚Äôs always Switzerland ‚ù§Ô∏è

I visited [M√ºrren](https://en.wikipedia.org/wiki/M%C3%BCrren) last year and it was so majestic in person, pictures don‚Äôt do it justice."
Insanely beautiful,https://www.reddit.com/r/Outdoors/comments/1jtj799/insanely_beautiful/,If anyone read the three body problem this is where I imagine the sword holder goes to to think of his solution
Insanely beautiful,https://www.reddit.com/r/Outdoors/comments/1jtj799/insanely_beautiful/,Beautiful scenery
Insanely beautiful,https://www.reddit.com/r/Outdoors/comments/1jtj799/insanely_beautiful/,Looks like a painting! üíñ
Insanely beautiful,https://www.reddit.com/r/Outdoors/comments/1jtj799/insanely_beautiful/,"Let's put a big ol' happy tree .... right here.

Looks just like a painting by Bob Ross"
Insanely beautiful,https://www.reddit.com/r/Outdoors/comments/1jtj799/insanely_beautiful/,üò≥üòÆüòç
Insanely beautiful,https://www.reddit.com/r/Outdoors/comments/1jtj799/insanely_beautiful/,I wish I could lose myself here
Insanely beautiful,https://www.reddit.com/r/Outdoors/comments/1jtj799/insanely_beautiful/,Wow magnificent!
Insanely beautiful,https://www.reddit.com/r/Outdoors/comments/1jtj799/insanely_beautiful/,I'm packing my bag right now.
Insanely beautiful,https://www.reddit.com/r/Outdoors/comments/1jtj799/insanely_beautiful/,This is unreal wow
Insanely beautiful,https://www.reddit.com/r/Outdoors/comments/1jtj799/insanely_beautiful/,Wow very pretty
Insanely beautiful,https://www.reddit.com/r/Outdoors/comments/1jtj799/insanely_beautiful/,Paradise
Insanely beautiful,https://www.reddit.com/r/Outdoors/comments/1jtj799/insanely_beautiful/,This looks like it‚Äôd be on the background of my computer.
Insanely beautiful,https://www.reddit.com/r/Outdoors/comments/1jtj799/insanely_beautiful/,Absolutely perfection!
Insanely beautiful,https://www.reddit.com/r/Outdoors/comments/1jtj799/insanely_beautiful/,Dang
Insanely beautiful,https://www.reddit.com/r/Outdoors/comments/1jtj799/insanely_beautiful/,I thought I was on an art sub at first
Insanely beautiful,https://www.reddit.com/r/Outdoors/comments/1jtj799/insanely_beautiful/,Well yes but have you played Elden Ring?
the most beautiful coastline,https://www.reddit.com/r/Outdoors/comments/1k6r8cx/the_most_beautiful_coastline/,"NƒÅ Pali Coast, Kauai Hawaii."
the most beautiful coastline,https://www.reddit.com/r/Outdoors/comments/1k6r8cx/the_most_beautiful_coastline/,Watch out for dinosaurs.
the most beautiful coastline,https://www.reddit.com/r/Outdoors/comments/1k6r8cx/the_most_beautiful_coastline/,I barfed at that location in front of my entire catamaran cruise. Ruined 25 peoples night. Did it again in front of everyone while watching the sunset. Oh and my new wife filmed me both times. Romance.
the most beautiful coastline,https://www.reddit.com/r/Outdoors/comments/1k6r8cx/the_most_beautiful_coastline/,Gorgeous. I wonder what it is that us humans find this so stunning.
the most beautiful coastline,https://www.reddit.com/r/Outdoors/comments/1k6r8cx/the_most_beautiful_coastline/,This exact trip is on the top of my bucket list
the most beautiful coastline,https://www.reddit.com/r/Outdoors/comments/1k6r8cx/the_most_beautiful_coastline/,"Mountains meeting the sea/ocean has always been something in nature that just hits hard with me. Beautiful, and the overnight hike has been on my bucket list for decades (and I'm running out of time.....)"
the most beautiful coastline,https://www.reddit.com/r/Outdoors/comments/1k6r8cx/the_most_beautiful_coastline/,"I slept on that beach. It was too hot in the tent so we just slept under the stars. I woke up in the middle of the night to the sounds of thunder. I was ready to scramble back into the tent when I realized that the sound was just the waves crashing on the shore. Don't do the catamaran tour. The hike is not for the faint of heart, especially if you're afraid of heights like me, but man is it worth it."
the most beautiful coastline,https://www.reddit.com/r/Outdoors/comments/1k6r8cx/the_most_beautiful_coastline/,"Kauai. Only can be seen from boat, helicopter, plane or a very long hike."
the most beautiful coastline,https://www.reddit.com/r/Outdoors/comments/1k6r8cx/the_most_beautiful_coastline/,Looks so serene!
the most beautiful coastline,https://www.reddit.com/r/Outdoors/comments/1k6r8cx/the_most_beautiful_coastline/,I went fishing there 20 years ago. It was gorgeous. And we caught a ton of Ahi and Dorado.
the most beautiful coastline,https://www.reddit.com/r/Outdoors/comments/1k6r8cx/the_most_beautiful_coastline/,Wow. That's beautiful.
the most beautiful coastline,https://www.reddit.com/r/Outdoors/comments/1k6r8cx/the_most_beautiful_coastline/,I camped there beginning of February. Beautiful beyond belief
the most beautiful coastline,https://www.reddit.com/r/Outdoors/comments/1k6r8cx/the_most_beautiful_coastline/,"I‚Äôll be here in a month, can‚Äôt wait"
the most beautiful coastline,https://www.reddit.com/r/Outdoors/comments/1k6r8cx/the_most_beautiful_coastline/,Bro gonna get eaten by dinosaurs.
the most beautiful coastline,https://www.reddit.com/r/Outdoors/comments/1k6r8cx/the_most_beautiful_coastline/,Don't let Todd Howard see this or we won't get any new fantasy maps.
the most beautiful coastline,https://www.reddit.com/r/Outdoors/comments/1k6r8cx/the_most_beautiful_coastline/,You can hike to the tops of those mountains for the other side and look down. It‚Äôs also stunning.
the most beautiful coastline,https://www.reddit.com/r/Outdoors/comments/1k6r8cx/the_most_beautiful_coastline/,Looks like something from the old school Jurassic park movies
the most beautiful coastline,https://www.reddit.com/r/Outdoors/comments/1k6r8cx/the_most_beautiful_coastline/,Beautiful
the most beautiful coastline,https://www.reddit.com/r/Outdoors/comments/1k6r8cx/the_most_beautiful_coastline/,"Azshara, Kalimdor"
the most beautiful coastline,https://www.reddit.com/r/Outdoors/comments/1k6r8cx/the_most_beautiful_coastline/,"I hiked that trail to Kalalau Beach and camped for a few days, it was beautiful."
the most beautiful coastline,https://www.reddit.com/r/Outdoors/comments/1k6r8cx/the_most_beautiful_coastline/,pretty impressive
the most beautiful coastline,https://www.reddit.com/r/Outdoors/comments/1k6r8cx/the_most_beautiful_coastline/,The lookout from the top is amazing üëè
the most beautiful coastline,https://www.reddit.com/r/Outdoors/comments/1k6r8cx/the_most_beautiful_coastline/,i was expecting to see John Locke getting chased by a smoke monster‚Ä¶ lol
the most beautiful coastline,https://www.reddit.com/r/Outdoors/comments/1k6r8cx/the_most_beautiful_coastline/,This picture is without a doubt one of those! Video and pictures can't do it justice.
the most beautiful coastline,https://www.reddit.com/r/Outdoors/comments/1k6r8cx/the_most_beautiful_coastline/,not gonna disagree
the most beautiful coastline,https://www.reddit.com/r/Outdoors/comments/1k6r8cx/the_most_beautiful_coastline/,I‚Äôve hiked the Kalalau Trail to Kalalau Beach and it might be the coolest thing I‚Äôve done. Crawler‚Äôs Ledge is scary.
the most beautiful coastline,https://www.reddit.com/r/Outdoors/comments/1k6r8cx/the_most_beautiful_coastline/,Been there 24 years ago but not on the water side... went up the canyon side and had pictures from above. Only 65¬∞ up top .
the most beautiful coastline,https://www.reddit.com/r/Outdoors/comments/1k6r8cx/the_most_beautiful_coastline/,Like a dream.
the most beautiful coastline,https://www.reddit.com/r/Outdoors/comments/1k6r8cx/the_most_beautiful_coastline/,"If it looks like Jurassic Park, it's Hawaii. I immediately feel 6 years old again every time I see it."
the most beautiful coastline,https://www.reddit.com/r/Outdoors/comments/1k6r8cx/the_most_beautiful_coastline/,Kalalau Valley!! Spent 10 days there back in 2012
the most beautiful coastline,https://www.reddit.com/r/Outdoors/comments/1k6r8cx/the_most_beautiful_coastline/,Done it on a catamaran and by zodiac. Best snorkeling experience ever.
the most beautiful coastline,https://www.reddit.com/r/Outdoors/comments/1k6r8cx/the_most_beautiful_coastline/,Narnia ?
the most beautiful coastline,https://www.reddit.com/r/Outdoors/comments/1k6r8cx/the_most_beautiful_coastline/,Wow
the most beautiful coastline,https://www.reddit.com/r/Outdoors/comments/1k6r8cx/the_most_beautiful_coastline/,I‚Äôve stood at the top. Magnificent.
the most beautiful coastline,https://www.reddit.com/r/Outdoors/comments/1k6r8cx/the_most_beautiful_coastline/,"The power of John Williams, I could hear his music in my head while watching this!"
the most beautiful coastline,https://www.reddit.com/r/Outdoors/comments/1k6r8cx/the_most_beautiful_coastline/,"Just wow..!! I‚Äôm a pilot, but also an avid geologist, and I can‚Äôt help but wonder the process of the formation of such marvels, so to speak. Collision of plates to form hills, then continuous erosion by precipitation over what could very possibly be thousands of years to finally result in what we see here today.. Simply.. Lovely!"
the most beautiful coastline,https://www.reddit.com/r/Outdoors/comments/1k6r8cx/the_most_beautiful_coastline/,True story - my family and I hiked the Kalalau Trail and ran into Will Smith and his entire family‚Ä¶.was a lot cooler before he slapped Chris
the most beautiful coastline,https://www.reddit.com/r/Outdoors/comments/1k6r8cx/the_most_beautiful_coastline/,Good place for a T-Rex.
the most beautiful coastline,https://www.reddit.com/r/Outdoors/comments/1k6r8cx/the_most_beautiful_coastline/,Wowww
the most beautiful coastline,https://www.reddit.com/r/Outdoors/comments/1k6r8cx/the_most_beautiful_coastline/,Beauty
the most beautiful coastline,https://www.reddit.com/r/Outdoors/comments/1k6r8cx/the_most_beautiful_coastline/,I did a helicopter tour of the NƒÅ Pali Coast and it looked computer generated while I was staring at it. Some places are so beautiful they just don‚Äôt seem real.
the most beautiful coastline,https://www.reddit.com/r/Outdoors/comments/1k6r8cx/the_most_beautiful_coastline/,It‚Äôs beautiful because there‚Äôs no ability for us to develop ugly houses and resorts on
the most beautiful coastline,https://www.reddit.com/r/Outdoors/comments/1k6r8cx/the_most_beautiful_coastline/,I saw 999 likes so I had to push it. I was obliged.
the most beautiful coastline,https://www.reddit.com/r/Outdoors/comments/1k6r8cx/the_most_beautiful_coastline/,That gives me immense anxiety.
the most beautiful coastline,https://www.reddit.com/r/Outdoors/comments/1k6r8cx/the_most_beautiful_coastline/,Most Minecraft generated coastline
Stayed up until 2:30am for this! What do we think?,https://www.reddit.com/r/Outdoors/comments/1k90cgp/stayed_up_until_230am_for_this_what_do_we_think/,"This is a 18 image panorama/ focus stack that I took 4 nights ago at the neck, it was a 20 minute drive outside Wanaka New Zealand and was such a spectacular place to be, I spent a good 3-4 hours under the stars taking photos and just exploring. This little spot was just off the main highway the leads from Wanaka to the West Coast and is somewhere I most definitely will be going again!"
Stayed up until 2:30am for this! What do we think?,https://www.reddit.com/r/Outdoors/comments/1k90cgp/stayed_up_until_230am_for_this_what_do_we_think/,totally worth it
Stayed up until 2:30am for this! What do we think?,https://www.reddit.com/r/Outdoors/comments/1k90cgp/stayed_up_until_230am_for_this_what_do_we_think/,Bad ass. Thanks for sharing
Stayed up until 2:30am for this! What do we think?,https://www.reddit.com/r/Outdoors/comments/1k90cgp/stayed_up_until_230am_for_this_what_do_we_think/,100% worth it!
Stayed up until 2:30am for this! What do we think?,https://www.reddit.com/r/Outdoors/comments/1k90cgp/stayed_up_until_230am_for_this_what_do_we_think/,I wish my night sky was 5% as cool as this
Stayed up until 2:30am for this! What do we think?,https://www.reddit.com/r/Outdoors/comments/1k90cgp/stayed_up_until_230am_for_this_what_do_we_think/,I actually feel this picture. Amazing shot of the perfect view.
Stayed up until 2:30am for this! What do we think?,https://www.reddit.com/r/Outdoors/comments/1k90cgp/stayed_up_until_230am_for_this_what_do_we_think/,"we think you did a superb job!

and it would be even better if the horizon/lbody of water were level

but even with that drawback, its a winner."
Stayed up until 2:30am for this! What do we think?,https://www.reddit.com/r/Outdoors/comments/1k90cgp/stayed_up_until_230am_for_this_what_do_we_think/,üëç
Stayed up until 2:30am for this! What do we think?,https://www.reddit.com/r/Outdoors/comments/1k90cgp/stayed_up_until_230am_for_this_what_do_we_think/,Amazing shot!
Stayed up until 2:30am for this! What do we think?,https://www.reddit.com/r/Outdoors/comments/1k90cgp/stayed_up_until_230am_for_this_what_do_we_think/,Awesome
Stayed up until 2:30am for this! What do we think?,https://www.reddit.com/r/Outdoors/comments/1k90cgp/stayed_up_until_230am_for_this_what_do_we_think/,absolutely gorgeous!
Stayed up until 2:30am for this! What do we think?,https://www.reddit.com/r/Outdoors/comments/1k90cgp/stayed_up_until_230am_for_this_what_do_we_think/,Nice!
Stayed up until 2:30am for this! What do we think?,https://www.reddit.com/r/Outdoors/comments/1k90cgp/stayed_up_until_230am_for_this_what_do_we_think/,Freakin beautiful !!!
Stayed up until 2:30am for this! What do we think?,https://www.reddit.com/r/Outdoors/comments/1k90cgp/stayed_up_until_230am_for_this_what_do_we_think/,"Well as someone who can only ever take blurry pics, I salute your dedication to this pic, it truly is a stunning picture"
Stayed up until 2:30am for this! What do we think?,https://www.reddit.com/r/Outdoors/comments/1k90cgp/stayed_up_until_230am_for_this_what_do_we_think/,Freaking beautiful
Stayed up until 2:30am for this! What do we think?,https://www.reddit.com/r/Outdoors/comments/1k90cgp/stayed_up_until_230am_for_this_what_do_we_think/,Incredible photo.  Makes me realize how small we are.
Stayed up until 2:30am for this! What do we think?,https://www.reddit.com/r/Outdoors/comments/1k90cgp/stayed_up_until_230am_for_this_what_do_we_think/,We think this world is magical. You remind us of this with your photo
Stayed up until 2:30am for this! What do we think?,https://www.reddit.com/r/Outdoors/comments/1k90cgp/stayed_up_until_230am_for_this_what_do_we_think/,Galactic milk
Stayed up until 2:30am for this! What do we think?,https://www.reddit.com/r/Outdoors/comments/1k90cgp/stayed_up_until_230am_for_this_what_do_we_think/,Gorgeous
Stayed up until 2:30am for this! What do we think?,https://www.reddit.com/r/Outdoors/comments/1k90cgp/stayed_up_until_230am_for_this_what_do_we_think/,Absolutely gorgeous!
Stayed up until 2:30am for this! What do we think?,https://www.reddit.com/r/Outdoors/comments/1k90cgp/stayed_up_until_230am_for_this_what_do_we_think/,Great pic
Stayed up until 2:30am for this! What do we think?,https://www.reddit.com/r/Outdoors/comments/1k90cgp/stayed_up_until_230am_for_this_what_do_we_think/, Worth it!
Stayed up until 2:30am for this! What do we think?,https://www.reddit.com/r/Outdoors/comments/1k90cgp/stayed_up_until_230am_for_this_what_do_we_think/,Priceless
Stayed up until 2:30am for this! What do we think?,https://www.reddit.com/r/Outdoors/comments/1k90cgp/stayed_up_until_230am_for_this_what_do_we_think/,Spectacular!!
Stayed up until 2:30am for this! What do we think?,https://www.reddit.com/r/Outdoors/comments/1k90cgp/stayed_up_until_230am_for_this_what_do_we_think/,Definitely worth the wait. Amazing photo thank you for sharing.
Stayed up until 2:30am for this! What do we think?,https://www.reddit.com/r/Outdoors/comments/1k90cgp/stayed_up_until_230am_for_this_what_do_we_think/,Absolutely smashed it mate
Stayed up until 2:30am for this! What do we think?,https://www.reddit.com/r/Outdoors/comments/1k90cgp/stayed_up_until_230am_for_this_what_do_we_think/,Beautiful ü§©
Stayed up until 2:30am for this! What do we think?,https://www.reddit.com/r/Outdoors/comments/1k90cgp/stayed_up_until_230am_for_this_what_do_we_think/,This is awesome! I‚Äôm going to Wanaka later this year. Hopefully it isn‚Äôt too cold!
Stayed up until 2:30am for this! What do we think?,https://www.reddit.com/r/Outdoors/comments/1k90cgp/stayed_up_until_230am_for_this_what_do_we_think/,"It‚Äôs awesome, worth the effort"
Stayed up until 2:30am for this! What do we think?,https://www.reddit.com/r/Outdoors/comments/1k90cgp/stayed_up_until_230am_for_this_what_do_we_think/,That‚Äôs bloody fantastic!
Stayed up until 2:30am for this! What do we think?,https://www.reddit.com/r/Outdoors/comments/1k90cgp/stayed_up_until_230am_for_this_what_do_we_think/,"Absolutely beautiful, excellent camera work. We are definitely not the only planet with intelligent life."
Stayed up until 2:30am for this! What do we think?,https://www.reddit.com/r/Outdoors/comments/1k90cgp/stayed_up_until_230am_for_this_what_do_we_think/,looks like home
Stayed up until 2:30am for this! What do we think?,https://www.reddit.com/r/Outdoors/comments/1k90cgp/stayed_up_until_230am_for_this_what_do_we_think/,"Prety impressive, great photo"
Stayed up until 2:30am for this! What do we think?,https://www.reddit.com/r/Outdoors/comments/1k90cgp/stayed_up_until_230am_for_this_what_do_we_think/,Well worth the wait. That is amazingly beautiful!
Stayed up until 2:30am for this! What do we think?,https://www.reddit.com/r/Outdoors/comments/1k90cgp/stayed_up_until_230am_for_this_what_do_we_think/,I think it was worth staying up til 2:30am for üòéüòâüëçüòä‚ù§Ô∏è
Stayed up until 2:30am for this! What do we think?,https://www.reddit.com/r/Outdoors/comments/1k90cgp/stayed_up_until_230am_for_this_what_do_we_think/,Beautiful! I have to admit I feel jealous when I see people that experience the Aurora borealis. I've always wanted to see it and have never been able to. It looks magical. You captured the perfect frame!
Stayed up until 2:30am for this! What do we think?,https://www.reddit.com/r/Outdoors/comments/1k90cgp/stayed_up_until_230am_for_this_what_do_we_think/,We think you spent your time that night making great memories. Thanks for sharing. We love it!
Stayed up until 2:30am for this! What do we think?,https://www.reddit.com/r/Outdoors/comments/1k90cgp/stayed_up_until_230am_for_this_what_do_we_think/,Perfect
Stayed up until 2:30am for this! What do we think?,https://www.reddit.com/r/Outdoors/comments/1k90cgp/stayed_up_until_230am_for_this_what_do_we_think/,Totally fucking worth it.
Stayed up until 2:30am for this! What do we think?,https://www.reddit.com/r/Outdoors/comments/1k90cgp/stayed_up_until_230am_for_this_what_do_we_think/,Breathtaking!
Stayed up until 2:30am for this! What do we think?,https://www.reddit.com/r/Outdoors/comments/1k90cgp/stayed_up_until_230am_for_this_what_do_we_think/,"Always worth it! Even if you don‚Äôt get the shot.
Totally worth it when you do!
Nice."
Stayed up until 2:30am for this! What do we think?,https://www.reddit.com/r/Outdoors/comments/1k90cgp/stayed_up_until_230am_for_this_what_do_we_think/,Thanks for taking one for all
Stayed up until 2:30am for this! What do we think?,https://www.reddit.com/r/Outdoors/comments/1k90cgp/stayed_up_until_230am_for_this_what_do_we_think/,I think it‚Äôs amazing!!
Stayed up until 2:30am for this! What do we think?,https://www.reddit.com/r/Outdoors/comments/1k90cgp/stayed_up_until_230am_for_this_what_do_we_think/,Worth it
Stayed up until 2:30am for this! What do we think?,https://www.reddit.com/r/Outdoors/comments/1k90cgp/stayed_up_until_230am_for_this_what_do_we_think/,Worth it. Nice job.
Stayed up until 2:30am for this! What do we think?,https://www.reddit.com/r/Outdoors/comments/1k90cgp/stayed_up_until_230am_for_this_what_do_we_think/,‚ù§Ô∏èspectacular
Stayed up until 2:30am for this! What do we think?,https://www.reddit.com/r/Outdoors/comments/1k90cgp/stayed_up_until_230am_for_this_what_do_we_think/,Holy hell.  that‚Äôs beautiful
Stayed up until 2:30am for this! What do we think?,https://www.reddit.com/r/Outdoors/comments/1k90cgp/stayed_up_until_230am_for_this_what_do_we_think/,Really nice job! Worth staying up until 2 am.
Stayed up until 2:30am for this! What do we think?,https://www.reddit.com/r/Outdoors/comments/1k90cgp/stayed_up_until_230am_for_this_what_do_we_think/,"It's a great execution for composition, but the final image is a little overcooked for me. I'd back off the hdr a little, the brightness and/or white levels are slightly too high for my taste, which lean to more natural vs fantasy lighting.


To each their own, though. Still, great composition."
Stayed up until 2:30am for this! What do we think?,https://www.reddit.com/r/Outdoors/comments/1k90cgp/stayed_up_until_230am_for_this_what_do_we_think/,Dope ass cell phone background. I could tip you if you have some method.
Stayed up until 2:30am for this! What do we think?,https://www.reddit.com/r/Outdoors/comments/1k90cgp/stayed_up_until_230am_for_this_what_do_we_think/,"It‚Äôs stunning, perfection. üì∏"
Stayed up until 2:30am for this! What do we think?,https://www.reddit.com/r/Outdoors/comments/1k90cgp/stayed_up_until_230am_for_this_what_do_we_think/,I need to do this.
Stayed up until 2:30am for this! What do we think?,https://www.reddit.com/r/Outdoors/comments/1k90cgp/stayed_up_until_230am_for_this_what_do_we_think/,Incredible. Thanks for sharing.
Stayed up until 2:30am for this! What do we think?,https://www.reddit.com/r/Outdoors/comments/1k90cgp/stayed_up_until_230am_for_this_what_do_we_think/,You made the right decision üòÑ thx for sharing.
Stayed up until 2:30am for this! What do we think?,https://www.reddit.com/r/Outdoors/comments/1k90cgp/stayed_up_until_230am_for_this_what_do_we_think/,Fantastic!
Stayed up until 2:30am for this! What do we think?,https://www.reddit.com/r/Outdoors/comments/1k90cgp/stayed_up_until_230am_for_this_what_do_we_think/,Worth it!
Stayed up until 2:30am for this! What do we think?,https://www.reddit.com/r/Outdoors/comments/1k90cgp/stayed_up_until_230am_for_this_what_do_we_think/,Gorgeous üòç
Stayed up until 2:30am for this! What do we think?,https://www.reddit.com/r/Outdoors/comments/1k90cgp/stayed_up_until_230am_for_this_what_do_we_think/,An incredible site and totally worth it
Stayed up until 2:30am for this! What do we think?,https://www.reddit.com/r/Outdoors/comments/1k90cgp/stayed_up_until_230am_for_this_what_do_we_think/,Who cares how late you stayed up lol
Stayed up until 2:30am for this! What do we think?,https://www.reddit.com/r/Outdoors/comments/1k90cgp/stayed_up_until_230am_for_this_what_do_we_think/,I‚Äôd trade any one of my sleepless nights for this.
A cold front seen from above,https://www.reddit.com/r/Outdoors/comments/1k2373b/a_cold_front_seen_from_above/,[look at all the states omg üòç](https://i.imgur.com/HGHrQZn.jpeg)
A cold front seen from above,https://www.reddit.com/r/Outdoors/comments/1k2373b/a_cold_front_seen_from_above/,Awesome shot
A cold front seen from above,https://www.reddit.com/r/Outdoors/comments/1k2373b/a_cold_front_seen_from_above/,Cool capture.
A cold front seen from above,https://www.reddit.com/r/Outdoors/comments/1k2373b/a_cold_front_seen_from_above/,"I suspect,felt from above too."
A cold front seen from above,https://www.reddit.com/r/Outdoors/comments/1k2373b/a_cold_front_seen_from_above/,This is exactly what it looked like as I was passing over Iowa and encountered the most severe turbulence of my life.
A cold front seen from above,https://www.reddit.com/r/Outdoors/comments/1k2373b/a_cold_front_seen_from_above/,"Divided Sky, the wind blows high."
A cold front seen from above,https://www.reddit.com/r/Outdoors/comments/1k2373b/a_cold_front_seen_from_above/,A Blanket of despair.
A cold front seen from above,https://www.reddit.com/r/Outdoors/comments/1k2373b/a_cold_front_seen_from_above/,Just need a wind turbine to keep it at bay..
A cold front seen from above,https://www.reddit.com/r/Outdoors/comments/1k2373b/a_cold_front_seen_from_above/,That‚Äôs bad ass
A cold front seen from above,https://www.reddit.com/r/Outdoors/comments/1k2373b/a_cold_front_seen_from_above/,incredible
A cold front seen from above,https://www.reddit.com/r/Outdoors/comments/1k2373b/a_cold_front_seen_from_above/,That‚Äôs an awesome picture
A cold front seen from above,https://www.reddit.com/r/Outdoors/comments/1k2373b/a_cold_front_seen_from_above/,That‚Äôs not a cold front . . . thats Chem-Sheetz!
A cold front seen from above,https://www.reddit.com/r/Outdoors/comments/1k2373b/a_cold_front_seen_from_above/,"Why such a straight line
Of clouds?"
A cold front seen from above,https://www.reddit.com/r/Outdoors/comments/1k2373b/a_cold_front_seen_from_above/,"Theoretically you're indoors, but still very beautiful"
A cold front seen from above,https://www.reddit.com/r/Outdoors/comments/1k2373b/a_cold_front_seen_from_above/,saw one of those once. really cool!
A cold front seen from above,https://www.reddit.com/r/Outdoors/comments/1k2373b/a_cold_front_seen_from_above/,Flat Earth people would not like that picture.
A cold front seen from above,https://www.reddit.com/r/Outdoors/comments/1k2373b/a_cold_front_seen_from_above/,That is crazy! I had no idea it looked like that.
A cold front seen from above,https://www.reddit.com/r/Outdoors/comments/1k2373b/a_cold_front_seen_from_above/,That‚Äôs absolutely breathtaking!
Snoqualmie Falls... A truly magical place in Washington state,https://www.reddit.com/r/Outdoors/comments/1jndusl/snoqualmie_falls_a_truly_magical_place_in/,Reminds me of something‚Ä¶ A nostalgic show perhaps.. ü§î üòÜ
Snoqualmie Falls... A truly magical place in Washington state,https://www.reddit.com/r/Outdoors/comments/1jndusl/snoqualmie_falls_a_truly_magical_place_in/,make sure you go to the RR diner for some coffee and cherry pie. dale cooper will thank you
Snoqualmie Falls... A truly magical place in Washington state,https://www.reddit.com/r/Outdoors/comments/1jndusl/snoqualmie_falls_a_truly_magical_place_in/,The original falls was about 100 yards back before a massive land slide decades ago. Kinda interesting.
Snoqualmie Falls... A truly magical place in Washington state,https://www.reddit.com/r/Outdoors/comments/1jndusl/snoqualmie_falls_a_truly_magical_place_in/,"I love visiting every chance I get (this was from Dec, 2021)"
Snoqualmie Falls... A truly magical place in Washington state,https://www.reddit.com/r/Outdoors/comments/1jndusl/snoqualmie_falls_a_truly_magical_place_in/,My dream home would be in Washington! Gotta play the Lottery!üòÖ
Snoqualmie Falls... A truly magical place in Washington state,https://www.reddit.com/r/Outdoors/comments/1jndusl/snoqualmie_falls_a_truly_magical_place_in/,"As soon as I saw this, Twin Peaks theme just started playing in my head."
Snoqualmie Falls... A truly magical place in Washington state,https://www.reddit.com/r/Outdoors/comments/1jndusl/snoqualmie_falls_a_truly_magical_place_in/,You can get a damn fine cup of coffee around the corner
Snoqualmie Falls... A truly magical place in Washington state,https://www.reddit.com/r/Outdoors/comments/1jndusl/snoqualmie_falls_a_truly_magical_place_in/,Yes: truly magical.
Snoqualmie Falls... A truly magical place in Washington state,https://www.reddit.com/r/Outdoors/comments/1jndusl/snoqualmie_falls_a_truly_magical_place_in/,Couldn‚Äôt agree more!!! Magical!
Snoqualmie Falls... A truly magical place in Washington state,https://www.reddit.com/r/Outdoors/comments/1jndusl/snoqualmie_falls_a_truly_magical_place_in/,The pie at Twede's is actually extremely good.
Snoqualmie Falls... A truly magical place in Washington state,https://www.reddit.com/r/Outdoors/comments/1jndusl/snoqualmie_falls_a_truly_magical_place_in/,"I got to visit back in 2009 when I was in Seattle for 3.5 months. It's really gorgeous. The walk down made me worry about walking back up - and it was, in fact, a pain. heh. But worth it."
Snoqualmie Falls... A truly magical place in Washington state,https://www.reddit.com/r/Outdoors/comments/1jndusl/snoqualmie_falls_a_truly_magical_place_in/,"We have one of those in Northeast Alabama called DeSoto Falls, but we dont have all the amazing conifers like yall do."
Snoqualmie Falls... A truly magical place in Washington state,https://www.reddit.com/r/Outdoors/comments/1jndusl/snoqualmie_falls_a_truly_magical_place_in/,"Was there last weekend, absolutely badass."
Snoqualmie Falls... A truly magical place in Washington state,https://www.reddit.com/r/Outdoors/comments/1jndusl/snoqualmie_falls_a_truly_magical_place_in/,![gif](giphy|26BRF6v9duKz62OME)
Snoqualmie Falls... A truly magical place in Washington state,https://www.reddit.com/r/Outdoors/comments/1jndusl/snoqualmie_falls_a_truly_magical_place_in/,What the fuck did you just Snoqualmie?!
Snoqualmie Falls... A truly magical place in Washington state,https://www.reddit.com/r/Outdoors/comments/1jndusl/snoqualmie_falls_a_truly_magical_place_in/,Can you walk behind the falls
Snoqualmie Falls... A truly magical place in Washington state,https://www.reddit.com/r/Outdoors/comments/1jndusl/snoqualmie_falls_a_truly_magical_place_in/,For a second I thought I was on the Death Stranding subreddit.
Snoqualmie Falls... A truly magical place in Washington state,https://www.reddit.com/r/Outdoors/comments/1jndusl/snoqualmie_falls_a_truly_magical_place_in/,My ex proposed to me there. Such a beautiful sight!
Snoqualmie Falls... A truly magical place in Washington state,https://www.reddit.com/r/Outdoors/comments/1jndusl/snoqualmie_falls_a_truly_magical_place_in/,Wow. Not a resident but long time visitor that has to be the most active I‚Äôve ever seen.
Snoqualmie Falls... A truly magical place in Washington state,https://www.reddit.com/r/Outdoors/comments/1jndusl/snoqualmie_falls_a_truly_magical_place_in/,Went there a few years ago and that place lives in my head rent free
Snoqualmie Falls... A truly magical place in Washington state,https://www.reddit.com/r/Outdoors/comments/1jndusl/snoqualmie_falls_a_truly_magical_place_in/,Those caves don't look like they are natural formations
Snoqualmie Falls... A truly magical place in Washington state,https://www.reddit.com/r/Outdoors/comments/1jndusl/snoqualmie_falls_a_truly_magical_place_in/,Perfect place to smoke a J and a coffee.
Snoqualmie Falls... A truly magical place in Washington state,https://www.reddit.com/r/Outdoors/comments/1jndusl/snoqualmie_falls_a_truly_magical_place_in/,Nature is powerful and beautiful. Wow!
Snoqualmie Falls... A truly magical place in Washington state,https://www.reddit.com/r/Outdoors/comments/1jndusl/snoqualmie_falls_a_truly_magical_place_in/,awesome
Snoqualmie Falls... A truly magical place in Washington state,https://www.reddit.com/r/Outdoors/comments/1jndusl/snoqualmie_falls_a_truly_magical_place_in/,Can‚Äôt watch this without the Twin Peaks theme song playing in my head!! üòçüòçüòç
Snoqualmie Falls... A truly magical place in Washington state,https://www.reddit.com/r/Outdoors/comments/1jndusl/snoqualmie_falls_a_truly_magical_place_in/,I can see the magic pouring over
Snoqualmie Falls... A truly magical place in Washington state,https://www.reddit.com/r/Outdoors/comments/1jndusl/snoqualmie_falls_a_truly_magical_place_in/,üíØ
Today in Patagonia,https://www.reddit.com/r/Outdoors/comments/1jrr8pq/today_in_patagonia/,The size of those paws.
Today in Patagonia,https://www.reddit.com/r/Outdoors/comments/1jrr8pq/today_in_patagonia/,I'd pet that cat
Today in Patagonia,https://www.reddit.com/r/Outdoors/comments/1jrr8pq/today_in_patagonia/,Wow. What a picture
Today in Patagonia,https://www.reddit.com/r/Outdoors/comments/1jrr8pq/today_in_patagonia/,Masterpieces of evolution
Today in Patagonia,https://www.reddit.com/r/Outdoors/comments/1jrr8pq/today_in_patagonia/,i love how the little ones are smiling while the mom is giving the stink eye
Today in Patagonia,https://www.reddit.com/r/Outdoors/comments/1jrr8pq/today_in_patagonia/,Beautiful
Today in Patagonia,https://www.reddit.com/r/Outdoors/comments/1jrr8pq/today_in_patagonia/,Standing on a road looking fearless.
Today in Patagonia,https://www.reddit.com/r/Outdoors/comments/1jrr8pq/today_in_patagonia/,"Head bent over Raised up posterior

![gif](giphy|11Tsyjflf2xq2A)"
Today in Patagonia,https://www.reddit.com/r/Outdoors/comments/1jrr8pq/today_in_patagonia/,Beautiful animals!  Is she pregnant again?
Today in Patagonia,https://www.reddit.com/r/Outdoors/comments/1jrr8pq/today_in_patagonia/,Patagonia Arizona or South America?
Today in Patagonia,https://www.reddit.com/r/Outdoors/comments/1jrr8pq/today_in_patagonia/,3 star pelts?
beautiful landscape,https://www.reddit.com/r/Outdoors/comments/1jwng83/beautiful_landscape/,"H√°ifoss waterfall, Iceland."
beautiful landscape,https://www.reddit.com/r/Outdoors/comments/1jwng83/beautiful_landscape/,"Man, I think of the outdoors as the three trees in my backyard. You may have seen the most beautiful place on earth"
beautiful landscape,https://www.reddit.com/r/Outdoors/comments/1jwng83/beautiful_landscape/,NICEland
beautiful landscape,https://www.reddit.com/r/Outdoors/comments/1jwng83/beautiful_landscape/,Wow! Very pretty! Great shot!
beautiful landscape,https://www.reddit.com/r/Outdoors/comments/1jwng83/beautiful_landscape/,Of all the videos not to have sound
beautiful landscape,https://www.reddit.com/r/Outdoors/comments/1jwng83/beautiful_landscape/,√âg elska √çsland!
beautiful landscape,https://www.reddit.com/r/Outdoors/comments/1jwng83/beautiful_landscape/,So majestic üò≤ love it ‚ù§Ô∏è
beautiful landscape,https://www.reddit.com/r/Outdoors/comments/1jwng83/beautiful_landscape/,That is so very beautiful. I'd love to go see this type of stuff in real life not just on the innerwebs
beautiful landscape,https://www.reddit.com/r/Outdoors/comments/1jwng83/beautiful_landscape/,Absolutely stunning!
beautiful landscape,https://www.reddit.com/r/Outdoors/comments/1jwng83/beautiful_landscape/,Daaaaaang that's some GOOD nature right there
beautiful landscape,https://www.reddit.com/r/Outdoors/comments/1jwng83/beautiful_landscape/,Is that the spot where the Engineer seeded life in Prometheus?
beautiful landscape,https://www.reddit.com/r/Outdoors/comments/1jwng83/beautiful_landscape/,Scary pretty
beautiful landscape,https://www.reddit.com/r/Outdoors/comments/1jwng83/beautiful_landscape/,Wow so beautiful It‚Äôs like Ireland on steroids
beautiful landscape,https://www.reddit.com/r/Outdoors/comments/1jwng83/beautiful_landscape/,Such a great view
Stu√∞lagil Canyon,https://www.reddit.com/r/Outdoors/comments/1k0kqv9/stu√∞lagil_canyon/,"These pillars were formed by volcanic activity about 9,000 years ago."
Stu√∞lagil Canyon,https://www.reddit.com/r/Outdoors/comments/1k0kqv9/stu√∞lagil_canyon/,Jeez‚Ä¶I need to get back to Iceland.  Nothing compares.
Stu√∞lagil Canyon,https://www.reddit.com/r/Outdoors/comments/1k0kqv9/stu√∞lagil_canyon/,Seems like a great place to get high at.
Stu√∞lagil Canyon,https://www.reddit.com/r/Outdoors/comments/1k0kqv9/stu√∞lagil_canyon/,I like people more so when I'm high
Stu√∞lagil Canyon,https://www.reddit.com/r/Outdoors/comments/1k0kqv9/stu√∞lagil_canyon/,When i was here the number of people I watched almost slip and fall into the water was staggering.
Stu√∞lagil Canyon,https://www.reddit.com/r/Outdoors/comments/1k0kqv9/stu√∞lagil_canyon/,So sad we didn't get to see it when we went. What part of the island is it?
Stu√∞lagil Canyon,https://www.reddit.com/r/Outdoors/comments/1k0kqv9/stu√∞lagil_canyon/,It's no wonder past generations believed in Gods.
Stu√∞lagil Canyon,https://www.reddit.com/r/Outdoors/comments/1k0kqv9/stu√∞lagil_canyon/,I would love to go there
Stu√∞lagil Canyon,https://www.reddit.com/r/Outdoors/comments/1k0kqv9/stu√∞lagil_canyon/,What a cool experience to see this. Why is the water colored like that?
Stu√∞lagil Canyon,https://www.reddit.com/r/Outdoors/comments/1k0kqv9/stu√∞lagil_canyon/,Wow! It's on my bucket list to visit. Is it difficult to get there to see it?
